date,gdp,gnp,potential_gdp,real_gdp,real_gnp,real_potential_gdp,real_gdp_nfb,potential_lf,potential_lf_prod,potential_lfpr,noncyclical_rate_of_unemployment,output_gap,nfb_real_potential_gdp,nfb_potential_hrs_worked,nfb_index_capital_services,nfb_potential_tfp,nfb_potential_lab_prod,nfb_capital_share,pce_price_index,core_pce_price_index,cpiu,core_cpiu,chained_cpiu,gdp_price_index,eci_wages_salaries,oil_rac_imported,oil_price_wti_spot,nat_gas_price_henry_hub,house_price_index_fhfa,exchange_rate_export_weighted,unemployment_rate,labor_force,lfpr_16yo,empl_civ_16yo,empl_payroll_nf,output_per_hr_nfb,hours_nfb,population_civ_16yo,households,treasury_note_rate_10yr,treasury_bill_rate_3mo,fed_funds_rate,personal_income,compensation,wages_and_salaries,nonwage_income,prop_inc_farm_adj,prop_inc_nonfarm_adj,rental_inc_adj,interest_inc_pers,dividend_inc_pers,corp_profits_adj,corp_profits_domestic_adj,pce,gross_pri_dom_invest,nonres_fixed_invest,res_fixed_invest,change_pri_inv,government_c_gi,federal_government_c_gi,sl_government_c_gi,net_exports,exports,imports,current_account_balance,real_pce,real_gross_pri_dom_invest,real_nonres_fixed_invest,real_res_fixed_invest,real_change_pri_invest,real_government_c_gi,real_federal_government_c_gi,real_sl_government_c_gi,real_net_exports,real_exports,real_imports
1949,272.4750,273.7750,NA,2108.0000,2122.4250,NA,1361.4500,61.394151452358872,NA,58.984376210554752,5.264786295974732,NA,NA,NA,11.21621770336595,NA,NA,0.329,13.095750,NA,23.809166666666668,NA,NA,12.933000,NA,NA,NA,NA,NA,NA,6.05,61.39475,59.035978031072416,57.682583333333344,43.83375,25.118000,44.957000,103.99433333333332,NA,NA,1.115,NA,211.0750,144.350,134.7250,60.37500,11.975000,22.7000,7.800000,10.67500,7.22500,29.05000,27.92500,178.3000,39.09950,26.94975,14.84100,-2.6915,49.80800,30.42275,19.38550,5.250000,14.47500,9.2500,0.87500,1361.7250,206.67600,121.01025,143.70675,-13.1860000,610.99725,296.30825,296.96300,5.6500,71.50000,65.85000
1950,299.8250,301.3000,296.0040534035594,2291.1000,2307.0000,2262.6233142137612,1499.1000,61.843419657500728,36.586174025497552,59.018603313875088,5.29125475,1.2309292333294474,1464.7187373782252,46.423648340825392,11.572865730695886,41.501923756223976,16.46031177822421,0.329,13.251750,NA,24.0625,NA,NA,13.055000,NA,NA,NA,NA,NA,NA,5.2083333333333336,62.121666666666672,59.165462345255672,58.891666666666664,45.28225,26.787750,46.390750,104.99608333333334,NA,NA,1.2033333333333334,NA,233.7500,158.275,147.2500,66.95000,12.850000,24.6500,8.775000,11.82500,8.85000,36.05000,34.77500,192.0250,56.53050,30.01750,20.74375,5.7695,50.51450,29.41800,21.09700,0.725000,12.35000,11.6000,-1.85000,1449.1750,287.90625,132.03725,196.02800,24.9255000,613.46275,283.02000,321.05700,-15.2250,62.62500,77.85000
1951,346.9250,348.8000,333.95953176400724,2475.4500,2494.5750,2382.9249256568144,1610.1250,61.798261501122576,38.559705399419912,59.056802215973944,5.3179794758682248,3.8817530359401216,1538.576169191952,46.97774779057896,12.009967705432578,42.732400927290808,17.086342842823718,0.329,14.154500,NA,25.973333333333336,NA,NA,13.940250,NA,NA,NA,NA,NA,NA,3.2833333333333332,62.016666666666664,59.276760656594872,59.966750000000008,47.92575,27.486500,48.581250,104.62208333333334,NA,NA,1.5175,NA,264.2000,185.725,171.6000,73.72500,15.300000,27.2750,9.725000,12.85000,8.57500,41.20000,39.45000,208.3250,62.75750,34.18700,18.66125,9.90925,73.30350,49.94750,23.35650,2.500000,17.10000,14.6000,0.90000,1471.9000,288.59975,137.52925,164.55350,34.5825000,838.81950,461.95275,323.53075,-4.1750,76.75000,80.92500
1952,367.3250,369.3250,359.63789437961004,2576.6750,2596.4250,2522.7250699842276,1659.0000,62.34520008964248,40.461556798960376,59.09646519924044,5.34208873021698,2.1414433819707808,1623.7320512427268,47.993463868476496,12.401592302849078,43.965382041531528,17.650036868977004,0.329,14.444750,NA,26.566666666666668,NA,NA,14.244250,NA,NA,NA,NA,NA,NA,3.0250000000000004,62.152666666666672,59.06453352280696,60.272416666666664,48.902666666666664,28.006250,49.121250,105.22891666666666,NA,NA,1.7225000000000002,NA,282.4750,201.075,185.6500,76.42500,14.300000,28.7250,10.825000,14.00000,8.57500,39.65000,37.77500,219.3500,57.27325,34.90100,18.85825,3.51425,89.58350,64.81500,24.76800,1.175000,16.45000,15.3000,0.57500,1518.3250,265.02700,137.40750,161.84125,13.9102500,1004.49775,592.95125,328.75525,-14.5750,73.45000,88.02500
1953,389.2250,391.1250,381.54790863838792,2697.4750,2716.6250,2644.1447271313,1742.5750,63.376600289639144,41.720242960048456,59.134708865447536,5.3608162609329224,2.0311715964274836,1697.542964533226,49.03120161187516,12.775544057304392,44.865770006698192,18.062532370831644,0.329,14.634500,NA,26.768333333333336,NA,NA,14.426250,NA,NA,NA,NA,NA,NA,2.9250000000000004,63.056,58.90168068347468,61.206250000000008,50.303666666666672,28.696250,50.358750,107.05491666666668,NA,NA,1.8908333333333332,NA,299.2000,215.225,198.9750,78.55000,12.150000,29.8250,12.050000,15.65000,8.87500,40.27500,38.50000,232.7500,60.41475,38.76750,19.69900,1.948,96.76450,70.27425,26.49050,-0.725000,15.32500,16.0000,-1.30000,1590.3250,279.91850,151.17825,167.85275,8.6707500,1073.08850,637.89375,344.76700,-27.8250,68.50000,96.32500
1954,390.5250,392.6250,395.95697911284832,2681.8750,2702.1000,2719.2094998691868,1716.2500,64.09360423240092,42.425124130026512,59.168739037175328,5.3743656125183104,-1.376437593347668,1743.7168715716126,49.429698309010944,13.137471332867116,45.41216798701336,18.404473241139968,0.329,14.758000,NA,26.865,NA,NA,14.573500,NA,NA,NA,NA,NA,NA,5.5916666666666664,63.672083333333336,58.781559390238304,60.106583333333336,49.08725,29.250500,48.658250,108.32075,NA,2.4016666666666664,0.93833333333333328,NA,302.2250,214.125,197.2750,81.85000,11.775000,30.5000,13.050000,17.25000,9.27500,39.45000,37.52500,239.6250,58.06900,38.56500,21.44175,-1.93775,92.46725,63.25550,29.21175,0.400000,15.82500,15.4500,0.15000,1623.6000,268.91125,148.99600,181.96375,-8.3085000,1004.07275,560.77950,374.58025,-19.7250,71.82500,91.55000
1955,425.4750,427.9250,412.66673924937344,2873.1500,2895.6000,2786.7841160119632,1861.7250,64.906351934060736,42.934914277630168,59.195633685728504,5.3849254999999992,3.094511852254578,1786.8941298604298,49.781501756910896,13.563918745405086,45.859458200967408,18.72687152044962,0.329,14.815500,NA,26.795833333333336,NA,NA,14.779500,NA,NA,NA,NA,NA,NA,4.3666666666666672,64.964333333333344,59.226864954160744,62.1305,50.736833333333336,30.504250,50.612500,109.68341666666668,NA,2.8166666666666664,1.725,1.7850000000000002,324.1750,230.575,212.1750,86.95000,10.725000,33.5250,13.400000,18.82500,10.47500,50.17500,47.82500,258.3000,73.75475,43.36350,25.40375,4.9879999999999992,92.95800,61.01550,31.94275,0.450000,17.65000,17.2000,0.37500,1743.3750,331.07650,165.08625,211.20575,20.6257500,971.51600,516.04575,401.39750,-23.1250,79.50000,102.62500
1956,449.3500,452.1250,437.8574548890856,2934.4000,2958.8000,2859.347494320706,1896.5500,65.68861637893724,43.528247308411,59.21266580485444,5.39470911403656,2.6243704393431156,1834.998118091296,50.114679315781344,14.087766155547034,46.314575901251472,19.103164986923008,0.329,15.110750,NA,27.190833333333332,NA,NA,15.285500,NA,NA,NA,NA,NA,NA,4.125,66.537333333333336,59.968669042455944,63.792416666666664,52.468333333333336,30.325750,51.863000,110.95383333333334,NA,3.1825,2.6275,2.7283333333333336,347.9250,249.275,229.0500,91.82500,10.600000,35.2250,13.675000,21.02500,11.30000,49.62500,46.82500,271.1250,77.68375,49.74750,23.98725,3.949,98.17975,63.11475,35.06500,2.350000,21.30000,18.9250,2.65000,1794.3000,330.16900,176.26150,194.46400,15.4090000,973.79500,509.12200,414.33450,-18.3250,92.62500,110.95000
1957,474.0500,477.1000,466.20771398804592,2996.2000,3021.8250,2946.5043185097084,1934.4000,66.491802894845936,44.312839723375288,59.218036335048248,5.4057553447265632,1.6956630137663354,1893.1106570305192,50.519657240011528,14.585778894610848,46.957141553146128,19.549963514077616,0.329,15.569750,NA,28.113333333333332,28.933333333333332,NA,15.820000,NA,NA,NA,NA,NA,NA,4.3,66.94225,59.62876779724976,64.064833333333336,52.957083333333328,31.105750,51.575500,112.2655,NA,3.6475,3.225,3.105,368.0000,262.575,239.9500,97.30000,10.525000,37.2500,14.075000,23.70000,11.75000,49.15000,46.02500,286.3250,76.50475,53.09650,22.63100,0.77725,107.16275,68.45350,38.70925,4.075000,24.02500,19.9500,4.72500,1838.7750,317.81075,179.35450,182.98450,3.7865000,1018.64250,529.04825,438.57625,-14.8750,100.70000,115.57500
1958,481.2250,483.8500,493.6973933203132,2973.9750,2996.4000,3051.2297728103104,1896.3250,67.363700817234648,45.29384867751776,59.2115897784736,5.4206484509277344,-2.541911246789158,1963.0292690418292,51.059365945488256,14.983880454415812,47.895504886699744,20.057690184792356,0.329,15.938250,NA,28.880833333333332,29.591666666666664,NA,16.188250,NA,NA,NA,NA,NA,NA,6.8416666666666664,67.670083333333336,59.503547428587912,63.043000000000008,51.424833333333336,31.817000,49.421250,113.7245,NA,3.3158333333333336,1.7708333333333332,1.5725,378.9500,264.675,241.3000,102.20000,12.400000,37.7250,14.825000,25.65000,11.60000,43.87500,41.35000,295.6000,70.94875,48.49150,22.82250,-0.36550000000000016,114.13800,71.52100,42.61725,0.550000,20.55000,20.0250,0.80000,1854.7000,294.78500,162.65000,184.98575,-0.9612500,1052.77250,531.84700,475.42225,-34.0000,87.07500,121.07500
1959,521.6500,524.4250,520.08896651130264,3180.2250,3203.3750,3170.6644535521332,2054.1000,68.339031236020016,46.394582789214592,59.195204332240424,5.4411633030929568,0.3050246494217812,2042.0217019123184,51.712629796413008,15.416953307549526,48.961408691743328,20.60102209483508,0.329,16.175750,16.850250,29.15,30.175,NA,16.401750,NA,NA,NA,NA,NA,NA,5.4499999999999992,68.359333333333328,59.272344555685944,64.6285,53.372166666666672,32.943500,51.706750,115.3305,NA,4.3333333333333328,3.3858333333333332,3.305,402.8750,285.825,259.8500,106.65000,10.075000,40.3000,15.550000,28.12500,12.60000,55.52500,52.80000,317.1000,85.66925,53.12400,28.62825,3.917,118.45750,73.57875,44.87900,0.375000,22.72500,22.3250,-1.27500,1960.5250,351.41525,175.76875,231.36125,18.0070000,1079.50300,542.52625,491.70675,-37.8750,96.05000,133.92500
1960,542.3750,545.5250,549.54334933630888,3262.0500,3287.1750,3304.994976290764,2090.2500,69.441480270513808,47.592630839825432,59.172748415351336,5.4665257322540288,-1.282905394237352,2128.948813843138,52.481943568018488,15.91976940941197,50.011562506931456,21.163274668916316,0.329,16.441250,17.151250,29.585,30.641666666666664,NA,16.625500,NA,NA,NA,NA,NA,NA,5.5416666666666672,69.658666666666672,59.412166444211776,65.784500000000008,54.293916666666664,33.328500,52.009000,117.24491666666666,NA,4.1166666666666664,2.8833333333333332,3.2158333333333332,422.1500,301.275,272.8500,111.52500,10.625000,39.9500,16.450000,31.15000,13.35000,54.67500,51.52500,331.1750,86.47800,56.38925,26.85575,3.233,120.52000,72.87475,47.64525,4.225000,27.05000,22.8500,3.17500,2014.3000,352.70900,185.46100,215.57675,15.2992500,1086.30125,533.59750,513.06300,-22.9750,112.72500,135.70000
1961,562.2000,565.7250,576.42425041713272,3345.6750,3373.1500,3430.4346729386824,2135.7250,70.16903287291024,48.887302689719464,59.149655009483184,5.4950426919555664,-2.4812188524394016,2208.5499707828612,52.977743867236296,16.416147852591642,51.03731412984256,21.749340569334576,0.329,16.611500,17.363500,29.901666666666668,31,NA,16.803000,NA,NA,NA,NA,NA,NA,6.6916666666666664,70.449916666666664,59.316907748600248,65.744249999999992,54.102833333333336,34.416250,51.457250,118.77016666666666,NA,3.8825,2.3541666666666664,1.955,440.5750,310.400,280.5250,117.72500,11.225000,41.9750,17.200000,33.42500,13.90000,55.92500,52.65000,341.4750,86.58350,56.59875,27.01100,2.974,129.23725,77.37900,51.85800,4.925000,27.60000,22.7000,4.20000,2055.6500,353.83775,186.91250,216.48900,13.7255000,1145.05875,559.92350,544.52275,-21.4750,113.35000,134.82500
1962,603.9250,608.0250,606.83504297392536,3550.6750,3581.3500,3567.7635447154216,2281.8250,71.064003643797464,50.203132448984576,59.132282123202928,5.5277188684463504,-0.47586159767846744,2295.7556591110496,53.596211296179984,16.987276499515496,52.070779535803696,22.346805191572352,0.329,16.806250,17.598500,30.253333333333332,31.4,NA,17.007500,NA,NA,NA,NA,NA,NA,5.5666666666666664,70.619416666666664,58.775244276709936,66.701666666666664,55.659583333333328,35.982500,52.590750,120.15291666666666,NA,3.9458333333333336,2.7733333333333336,2.7083333333333332,468.8500,332.200,299.3500,125.42500,11.250000,44.0250,18.050000,37.05000,15.05000,64.05000,60.27500,362.5500,96.97700,61.23300,29.64300,6.101,140.28675,85.51825,54.76850,4.100000,29.07500,24.9750,3.80000,2157.2750,395.89575,202.04400,237.20300,28.3017500,1220.03300,610.22925,560.48825,-31.0500,119.05000,150.10000
1963,637.4500,641.9500,641.09536994019376,3705.3250,3738.0250,3726.5515834334712,2386.4500,72.392499662602736,51.47527425003568,59.127259873087184,5.5672245967330928,-0.57399658776468024,2398.3754249092104,54.53690247406088,17.627629138520906,53.124919455047488,22.943049200780452,0.329,17.007250,17.834000,30.633333333333332,31.808333333333332,NA,17.202750,NA,NA,NA,NA,NA,NA,5.6416666666666664,71.812166666666672,58.662163081582176,67.7595,56.76675,37.202000,53.193250,122.41625,NA,4.0025,3.1591666666666668,3.1783333333333332,492.7750,350.425,314.8500,131.85000,11.000000,45.4250,18.700000,40.47500,16.25000,70.52500,66.42500,382.0250,103.28500,64.80925,32.85450,5.6210000000000008,147.19300,87.87525,59.31800,4.950000,31.07500,26.1500,4.95000,2246.3000,422.77000,213.78575,264.98175,26.1857500,1249.56225,611.67075,593.18175,-26.6500,127.50000,154.15000
1964,684.4500,689.3750,679.483960721258,3918.8000,3954.0000,3890.3534976621976,2545.7000,73.633257445165008,52.83229337735028,59.14098806213496,5.614115804359436,0.73197543591950192,2505.1797510195236,55.407345064610256,18.354438509476808,54.200399768640072,23.588203273804292,0.329,17.253500,18.102250,31.038333333333332,32.299999999999996,NA,17.465000,NA,NA,NA,NA,NA,NA,5.1583333333333336,73.07725,58.704126660805528,69.301416666666672,58.394416666666664,38.199250,55.265500,124.48483333333334,NA,4.1866666666666664,3.5466666666666664,3.4966666666666664,528.2000,375.975,337.7750,141.10000,9.775000,49.3500,18.825000,44.95000,18.20000,77.70000,73.25000,410.6250,112.15175,72.22950,35.10050,4.822,154.76325,90.25600,64.50700,6.900000,35.02500,28.1000,7.47500,2380.0000,456.11500,236.71350,280.89925,22.3157500,1280.18100,609.31875,632.77425,-19.8000,142.57500,162.37500
1965,742.3000,747.5500,722.77839609099232,4173.4250,4210.3000,4063.8928840247088,2728.8500,74.85640936662,54.28739893707048,59.179343020017344,5.6655605,2.6832889335845712,2620.885734278754,56.262088080512992,19.2369796027935,55.297652499335384,24.302820321939904,0.329,17.502000,18.330500,31.528333333333332,32.733333333333336,NA,17.784750,NA,NA,NA,NA,NA,NA,4.5083333333333328,74.424,58.826688395156168,71.070333333333336,60.87875,39.419500,57.401750,126.51325,55.799984891845424,4.2825000000000008,3.9491666666666664,4.075,570.6750,405.400,363.7500,152.50000,12.025000,51.6250,19.350000,49.30000,20.20000,89.27500,84.57500,442.9500,129.64575,85.23575,35.16275,9.247,164.05325,93.19550,70.85775,5.625000,37.17500,31.5250,6.17500,2530.9750,519.24200,276.26650,273.71825,42.5385000,1321.14775,613.87825,674.67375,-33.0750,146.55000,179.62500
1966,813.4000,818.4750,775.69791819940016,4448.7250,4483.9500,4242.3431869135896,2925.0250,75.868373714538992,55.915471016701984,59.247555866632168,5.71655875,4.8701983334271448,2742.6147967561232,56.95882571266112,20.279285453050092,56.417118415914176,25.12056447366358,0.329,17.944500,18.741250,32.470833333333332,33.549999999999996,NA,18.282750,NA,NA,NA,NA,NA,NA,3.7916666666666664,75.744583333333344,59.148098144621224,72.878,64.025000000000008,40.845250,59.388500,128.05766666666664,56.746499706997872,4.9233333333333336,4.8625,5.1116666666666664,620.3250,449.250,400.3250,162.82500,13.025000,54.9250,19.900000,54.30000,20.67500,96.12500,91.60000,479.9250,144.18750,97.17325,33.37850,13.636000000000002,185.44450,106.57525,78.86950,3.875000,40.95000,37.0500,3.80000,2674.4500,565.87225,310.18400,250.74800,60.9502500,1436.25200,679.11025,716.59175,-49.6500,156.67500,206.32500
1967,859.9500,865.3500,834.02114853231936,4570.7000,4607.0500,4432.654069289328,2979.7750,77.063880904374432,57.516975409186824,59.350153666860248,5.7639075,3.1217525393419044,2873.7969915410668,57.796139304919304,21.318718240404628,57.55924721024164,25.940480087443984,0.329,18.395250,19.314250,33.375,34.708333333333336,NA,18.813250,NA,NA,NA,NA,NA,NA,3.8416666666666664,77.347666666666672,59.555045189522696,74.375833333333328,65.935416666666672,41.604750,59.394750,129.87341666666666,57.704347779042776,5.0733333333333336,4.3066666666666664,4.22,665.7250,481.775,429.0000,170.80000,11.625000,57.8500,20.350000,59.45000,21.52500,93.87500,89.07500,506.6750,142.69850,99.20625,33.62700,9.865,207.01775,120.00575,87.01225,3.550000,43.45000,39.9000,3.50000,2754.4000,546.07500,309.11950,244.20625,43.8090000,1550.24950,748.00700,752.38800,-61.0750,160.27500,221.35000
1968,940.6250,946.7250,909.63514525045376,4795.4000,4834.3250,4637.2751583381696,3138.5750,78.585454768745088,59.007098466253968,59.49084445808696,5.8095062546768192,3.4125410688906956,3014.4364433069284,58.8750409381786,22.32710279084582,58.724497677909728,26.711362372328188,0.329,19.115250,20.146750,34.791666666666664,36.325,NA,19.614000,NA,NA,NA,NA,NA,NA,3.5583333333333336,78.710416666666672,59.616618255015096,75.913000000000016,68.026666666666672,43.056500,60.449500,132.02733333333334,59.135687668701272,5.6458333333333336,5.3383333333333328,5.6591666666666664,730.9250,530.750,471.9500,182.75000,11.650000,62.1750,20.100000,65.27500,23.55000,101.72500,96.10000,556.8500,156.91850,107.66800,40.19925,9.052,225.52575,127.96225,97.56325,1.350000,47.92500,46.5500,1.52500,2913.1750,578.71550,323.95450,277.26625,39.8030000,1603.01250,759.41625,797.42700,-81.4250,172.92500,254.35000
1969,1017.6000,1023.7500,994.9756690491608,4945.2250,4983.3000,4834.6855463297304,3234.8750,80.183835527398128,60.293342471202112,59.672268907338136,5.8577156601257328,2.2953655390169416,3153.0423978707696,59.860151197950976,23.386336227284536,59.822289663237016,27.480053374638044,0.329,19.976000,21.086250,36.683333333333328,38.416666666666664,NA,20.576750,NA,NA,NA,NA,NA,NA,3.4916666666666668,80.705083333333328,60.07686839157856,77.874916666666656,70.514833333333328,43.133250,62.197000,134.3345,60.395558050163,6.6708333333333336,6.6666666666666672,8.2041666666666656,800.3500,584.450,518.3500,197.65000,12.825000,64.1750,20.325000,76.07500,24.25000,98.40000,91.82500,603.6250,173.56150,120.01325,44.37525,9.173,238.98425,131.19325,107.79075,1.400000,51.92500,50.5000,1.60000,3021.7750,610.94800,346.47425,285.96800,39.1432500,1604.66250,740.51650,825.14125,-87.4750,181.37500,268.85000
1970,1073.3250,1079.7000,1084.1742792015914,4954.4750,4992.2000,5004.0401984999344,3230.7250,82.0710343732676,60.971331106580536,59.895628350181768,5.9113878416366576,-0.98368314965388832,3276.1274458433304,60.707038666280824,24.384174162182276,60.702545124417304,28.154669673249592,0.329,20.910000,22.073750,38.841666666666672,40.816666666666664,NA,21.662000,NA,NA,NA,NA,NA,99.132855766735936,4.9833333333333336,82.796083333333344,60.397556380625256,78.66875,71.007416666666672,43.749250,61.244750,137.08566666666666,61.735391122891576,7.3483333333333344,6.3916666666666664,7.1833333333333336,865.0250,623.350,551.5750,213.40000,12.900000,64.8750,20.675000,90.65000,24.30000,86.27500,79.15000,646.7500,170.05650,124.64475,43.41050,2.00075,252.58100,132.80475,119.77625,3.950000,59.70000,55.7500,3.70000,3092.9250,573.80250,343.39200,271.04075,7.2257500,1570.84550,694.92100,848.39350,-79.6250,200.70000,280.32500
1971,1164.8750,1172.4250,1176.833898296485,5117.5750,5159.1500,5169.9157299884912,3351.4500,84.548524838346048,61.14718330138336,60.160287515776456,5.9708701528549192,-1.0092330327149596,3399.2904014089928,61.793043558758432,25.307830079919556,61.471297090037384,28.699555616794932,0.329,21.798000,23.112500,40.483333333333336,42.733333333333336,NA,22.761000,NA,NA,NA,NA,NA,96.657384861371616,5.95,84.376166666666656,60.175287738464872,79.3545,71.330749999999992,45.457250,61.141500,140.21633333333332,63.305637080225824,6.1591666666666664,4.3325000000000008,4.6625,932.8000,665.000,584.5250,230.85000,13.400000,70.5000,21.825000,100.10000,25.02500,100.62500,92.80000,699.9250,196.82325,130.41575,58.15250,8.2555,267.46825,134.47875,132.99000,0.625000,62.95000,62.3500,0.32500,3211.0250,632.93425,343.22775,343.21775,32.2825000,1541.35925,650.53200,874.98850,-91.1000,204.17500,295.27500
1972,1279.1250,1287.6750,1268.4584028199566,5386.7250,5431.2500,5342.288460286356,3577.2250,87.171618698985056,61.284176205174656,60.463508021682632,6.033413388893128,0.82424091435303888,3528.8531619931712,62.952845942200464,26.321078614539184,62.235818889238944,29.244686632428996,0.329,22.541750,23.856000,41.808333333333336,44.041666666666672,NA,23.744750,NA,NA,NA,NA,NA,91.74490486043856,5.6,87.011,60.37150583646768,82.135166666666656,73.787583333333344,47.036000,63.063250,144.12541666666666,65.28546479173528,6.21,4.0725,4.4341666666666664,1024.4500,731.350,638.8000,254.45000,17.025000,78.1000,22.750000,109.75000,26.82500,117.20000,107.67500,768.1500,228.14275,146.63575,72.39925,9.10775,286.18925,141.64525,144.54350,-3.375000,70.85000,74.2250,-4.05000,3407.6750,704.23075,373.14175,402.77950,33.1607500,1533.45425,629.89800,894.26450,-108.4250,220.07500,328.50000
1973,1425.3750,1438.0000,1381.2864260395082,5690.8500,5749.4500,5514.2506429369048,3836.9500,89.4272005371048,61.660936102445408,60.800480275619304,6.0930743954086296,3.2075007444564928,3661.3074766274056,63.949544447027792,27.504336339831504,62.996420828870688,29.869281699706212,0.329,23.755500,24.764500,44.425,45.575,NA,25.045000,NA,NA,NA,NA,NA,85.736924960841696,4.8583333333333336,89.410666666666672,60.782165797169088,85.051333333333328,76.901666666666672,48.491750,65.621500,147.09708333333334,67.30505753246692,6.8425,7.0316666666666664,8.7274999999999984,1140.8000,812.675,708.7750,291.07500,29.100000,83.4500,23.100000,125.52500,29.90000,133.37500,118.47500,849.5750,266.92550,172.72650,78.32175,15.8775,304.76550,146.18525,158.58025,4.125000,95.27500,91.1750,8.87500,3576.3250,781.28725,422.49750,400.19175,50.3962500,1528.53475,607.72925,919.49600,-82.2250,261.52500,343.75000
1974,1545.2500,1560.7750,1558.6885708213048,5660.1000,5726.0750,5706.8248755218416,3779.4250,91.815374584777664,62.15444761147556,61.164746683930392,6.1440663861846928,-0.8054035531263992,3810.0506851087344,65.299116632884672,28.662502332529572,63.73120107322592,30.440355534168988,0.329,26.228750,26.725250,49.316666666666664,49.358333333333336,NA,27.291750,NA,12.443333333333334,NA,NA,NA,85.921621937249424,5.6416666666666664,91.975916666666672,61.267835224554784,86.802583333333328,78.383083333333328,47.676500,65.739000,150.12108333333334,69.135972379594552,7.5575,7.83,10.5025,1251.8250,887.700,772.2750,315.95000,23.475000,88.7250,23.175000,147.40000,33.17500,125.70000,108.25000,930.1750,274.52600,191.06900,69.46700,13.98975,341.37025,158.83450,182.53575,-0.825000,126.65000,127.4750,5.97500,3546.3750,729.54525,425.95125,321.71400,37.5910000,1562.14025,611.55825,952.80950,-53.6750,282.27500,335.95000
1975,1684.9000,1697.9000,1758.2320616021416,5648.4750,5700.7250,5894.9436854680304,3717.7250,94.265061659297824,62.53522851738936,61.54899795291764,6.1842548629074096,-4.1858167426632288,3955.1034640895304,66.828261508056784,29.508150349672596,64.456215347531656,30.876425126588888,0.329,28.415000,28.958500,53.825,53.908333333333328,NA,29.827000,NA,13.884166666666666,NA,NA,36.982975747023952,87.102207304559616,8.475,93.769833333333344,61.22661791727764,85.83025,77.071416666666672,48.954500,62.975250,153.15258333333332,70.641228264211704,7.9875,5.775,5.8241666666666664,1369.4000,947.250,814.8500,341.45000,21.975000,96.2250,22.300000,168.05000,32.90000,138.87500,124.22500,1030.5500,257.25375,196.77575,66.73325,-6.2555000000000008,381.12775,173.72925,207.39850,15.975000,138.70000,122.7250,19.85000,3626.8000,611.36350,387.61625,282.88975,-16.5220000,1596.52825,614.78875,987.62075,-18.1500,280.47500,298.62500
1976,1873.4250,1890.2750,1913.1547925723156,5952.8250,6014.4000,6078.9533251442392,3984.2500,96.728359287271776,62.844895753660488,61.946089485710216,6.2141322500000008,-2.0738003330391996,4096.2119866538936,68.382378742016304,30.28617370805082,65.187434638632256,31.251268096174232,0.329,29.973750,30.718250,56.933333333333328,57.441666666666672,NA,31.469250,NA,13.471666666666668,NA,NA,39.508660268841456,89.610479760213056,7.7,96.150666666666672,61.575162539774808,88.7525,79.507416666666672,50.665250,65.213500,156.14933333333334,72.263178252843536,7.6116666666666656,4.9741666666666672,5.045,1502.6500,1048.350,899.7500,371.30000,17.200000,113.7750,20.300000,181.05000,38.97500,174.32500,157.80000,1147.6500,323.22450,219.34575,86.76250,17.116499999999998,404.15275,184.80025,219.35275,-1.625000,149.52500,151.1250,7.10000,3828.9000,728.03775,409.51650,345.42625,44.2620000,1604.85275,615.66675,995.93425,-64.2750,292.72500,357.00000
1977,2081.8250,2102.1250,2097.4324004783324,6228.1000,6296.8500,6275.2793730475072,4213.0000,99.136929375178528,63.298102774656984,62.350020291373848,6.2332533908538824,-0.7565556977006256,4246.7995853041768,69.896237547728248,31.287496092430916,65.92694919883596,31.698272065632156,0.329,31.923250,32.694250,60.616666666666664,61.033333333333328,NA,33.424000,NA,14.525833333333332,NA,NA,44.224837930785608,91.2911442008,7.0500000000000008,98.984166666666672,62.239826716483112,92.017249999999984,82.59975,51.542750,67.782250,159.03325,73.767247840791728,7.4191666666666672,5.2691666666666672,5.5375,1659.2250,1165.825,994.1500,411.95000,15.975000,128.5250,15.850000,206.87500,44.72500,205.77500,186.67500,1273.9750,396.61225,259.05950,115.22875,22.324,434.33175,200.33950,233.99200,-23.100000,159.35000,182.4250,-10.90000,3990.7250,831.90225,453.60850,416.24975,55.7115000,1624.18650,628.77825,1000.16950,-96.2500,299.77500,396.02500
1978,2351.6000,2373.1750,2322.3382233021576,6572.8250,6641.3500,6492.6119299543464,4494.3500,101.61548454825846,63.892642699091024,62.756577492350576,6.2392617380828856,1.2238140139399584,4413.9168885831168,71.460823399685312,32.553871333566116,66.674853133277,32.224185853693044,0.329,34.144500,34.860750,65.241666666666672,65.474999999999992,NA,35.774750,NA,14.561666666666668,NA,NA,50.437976879004736,85.586501376106896,6.0666666666666664,102.23325,63.140460281748264,96.046166666666672,86.829083333333328,52.251500,71.317500,161.91075,75.65005971963368,8.41,7.1883333333333336,7.9308333333333328,1863.7250,1316.775,1120.5500,468.30000,19.925000,146.0500,16.525000,235.07500,50.72500,238.55000,215.70000,1422.2750,478.37650,314.57575,138.00975,25.79075,476.33675,218.92250,257.41400,-25.375000,186.87500,212.2500,-12.65000,4165.3750,928.13200,516.29550,444.01425,58.8685000,1670.76875,643.65625,1033.15925,-98.9250,331.42500,430.35000
1979,2627.3250,2659.2750,2605.1042755170456,6780.9500,6871.7250,6722.841274930176,4646.4250,104.15778642241224,64.543774093130128,63.163409878773,6.2300525041656496,0.86871801044409168,4590.039889917776,73.105882778961536,34.017859808015972,67.313028508341856,32.75618062666006,0.329,37.178250,37.402500,72.583333333333344,71.858333333333336,NA,38.741500,NA,21.5425,NA,NA,56.88085899942104,84.111159537494288,5.8500000000000008,104.96058333333334,63.66451267157636,98.82525,89.9355,52.175000,73.853250,164.8645,77.14990321727064,9.4424999999999984,10.069166666666666,11.194166666666668,2082.6750,1477.200,1253.3250,522.62500,22.175000,157.2750,16.100000,269.62500,57.45000,248.97500,214.37500,1585.4000,539.64950,373.82450,147.84125,17.98425,524.80175,240.57400,284.22750,-22.550000,230.15000,252.6750,-1.17500,4264.4000,960.66250,567.87100,427.37200,36.1797500,1700.84775,657.84875,1048.21400,-73.2500,364.25000,437.50000
1980,2857.3250,2891.5000,2919.5017780082708,6763.5000,6853.4500,6909.3712929855504,4606.8000,106.6337946110788,64.7952917755632,63.569465693680384,6.2067407788925168,-2.1065518937440268,4722.5769002489368,74.794754644492896,35.43893256927666,67.268618566786376,32.941780781130176,0.329,41.181500,40.840000,82.383333333333328,80.783333333333328,NA,42.251250,38.275000,33.973333333333328,NA,NA,61.676754254228928,84.182757723949808,7.175,106.97400000000002,63.771911545727664,99.303333333333344,90.531583333333344,52.141000,73.268000,167.74558333333332,78.762371067330512,11.46,11.434166666666666,13.355833333333334,2323.6250,1622.250,1373.4250,587.45000,11.700000,159.8750,19.000000,332.90000,63.97500,223.55000,188.07500,1750.6750,530.09975,406.91100,129.52000,-6.3309999999999992,589.59750,274.86975,314.72800,-13.050000,280.77500,293.8250,8.50000,4251.1000,864.00125,567.98800,337.96000,-12.1192500,1731.63425,685.38125,1046.23050,-4.9500,403.42500,408.37500
1981,3207.0250,3239.9500,3273.3553321554364,6935.1500,7014.9750,7077.3704522805848,4711.8500,108.841474695613,65.023842898497744,63.973937168035656,6.1737044698486328,-2.0033246341399496,4837.8043523944608,76.374326475210272,36.826219654748784,67.086275940608144,33.047198160666908,0.329,44.871000,44.418750,90.933333333333344,89.25,NA,46.239750,41.750000,37.0725,NA,NA,63.214235113009744,91.906277660988032,7.6166666666666672,108.67591666666666,63.878624745080928,100.39958333333334,91.292166666666672,52.902000,73.863250,170.12983333333336,80.040772437236,13.910833333333332,14.024999999999998,16.378333333333334,2605.1250,1792.550,1511.4000,689.32500,19.025000,160.6500,23.775000,412.22500,73.65000,247.47500,217.80000,1933.9250,631.22900,472.93825,128.48200,29.80875,654.38100,313.97975,340.40125,-12.550000,305.25000,317.7500,3.40000,4310.0500,940.05100,602.83200,310.15550,50.3402500,1748.38050,716.04725,1024.44375,-10.6750,408.35000,419.02500
1982,3343.8000,3380.3000,3576.3959273476492,6810.1250,6893.0250,7282.9780778463296,4567.6750,110.88273319856892,65.680702561585744,64.375045009760528,6.1364318836135864,-6.4860280340258128,4988.7194645348752,77.86268762821376,38.07302883749272,67.502014532858112,33.426420654213688,0.329,47.363500,47.305500,96.533333333333328,95.85,NA,49.098750,44.700000,33.593333333333332,NA,NA,63.983457797146552,106.68268026769738,9.7083333333333344,110.24408333333334,63.994100801604208,99.529166666666672,89.684583333333328,52.466500,72.199000,172.27116666666666,80.957910139377312,13.001666666666666,10.614166666666666,12.258333333333332,2791.6000,1893.000,1587.5000,752.05000,13.325000,157.8750,23.825000,479.45000,77.57500,229.85000,197.25000,2071.2750,581.03375,485.09900,110.84775,-14.9135,711.47300,348.33600,363.13700,-19.975000,283.20000,303.2000,-3.30000,4373.1000,821.97375,585.08400,253.97000,-25.5062500,1779.81150,741.86150,1025.72900,-36.6000,377.10000,413.70000
1983,3634.0250,3671.1250,3832.3758404204704,7122.3000,7203.2750,7512.0858748182496,4850.7250,112.91420175876502,66.527809055474536,64.769056671566232,6.0990373514709472,-5.2010319710110824,5159.0483554635568,79.347236777582144,39.239820783421912,68.261064760642456,33.920851482709808,0.329,49.378250,49.727000,99.583333333333328,99.6,NA,51.018000,47.000000,29.346666666666668,NA,NA,68.546910555284568,118.22724753237842,9.6,111.51541666666666,64.009568395507256,100.82166666666668,90.288666666666672,54.602000,73.658000,174.21550000000002,81.767377860380016,11.105,8.6108333333333344,9.0866666666666656,2981.0750,2012.475,1677.5000,810.25000,6.200000,180.0750,24.425000,516.25000,83.30000,279.77500,244.70000,2281.6000,637.51700,482.15475,161.11275,-5.751,766.55700,382.35750,384.19975,-51.625000,277.00000,328.6500,-35.05000,4620.7000,898.68875,582.49950,360.59525,-10.1095000,1846.24475,788.26475,1039.33175,-98.6250,367.32500,465.95000
1984,4037.6500,4073.9000,4117.2252044469384,7637.7000,7715.1500,7788.4667235730992,5261.1500,115.32322275177962,67.534481551160736,65.38868930197032,6.0623238457260128,-1.9388147633047636,5361.8615716593032,81.098664585216752,40.85898932539164,69.053673805910776,34.492912524728568,0.329,51.243000,51.788750,103.93333333333332,104.7,NA,52.860250,49.075000,28.865833333333336,NA,NA,70.6436890243144,129.20121885223716,7.5083333333333328,113.53183333333334,64.36621965581388,105.00275,94.542583333333344,55.835500,78.138250,176.38291666666668,83.494379513752784,12.438333333333334,9.5225000000000016,10.225000000000002,3292.7250,2215.875,1844.9250,933.65000,20.925000,207.3000,24.650000,590.12500,90.65000,337.87500,301.30000,2492.3500,820.08975,564.32100,190.36400,65.405,827.91050,411.80450,416.10600,-102.725000,302.37500,405.1250,-90.05000,4863.7750,1143.95150,679.61300,413.81125,100.6177500,1911.08325,813.14250,1079.51575,-182.1000,397.25000,579.35000
1985,4339.0000,4364.3750,4397.116871862392,7956.1750,8011.7750,8062.8672531626256,5492.8250,117.14619799373242,68.82572028952508,65.678151086919344,6.0239193796844488,-1.3255267653314946,5565.1408928004984,82.441517526871568,42.703059891724864,69.855486181083816,35.217394241385584,0.329,53.030750,53.892500,107.6,109.28333333333334,NA,54.532500,51.225000,26.998333333333336,NA,NA,73.944013915839968,139.28941358886778,7.1916666666666664,115.46741666666666,64.794280038947632,107.154,97.528666666666672,56.799750,80.193000,178.20566666666668,84.999128130918224,10.623333333333334,7.4791666666666672,8.1008333333333344,3524.8750,2387.300,1982.5250,993.60000,20.975000,220.0750,26.225000,628.92500,97.40000,354.50000,316.37500,2712.8250,829.65175,607.75100,200.07650,21.8245,910.51650,452.90900,457.60750,-114.000000,303.20000,417.2500,-114.32500,5115.6000,1143.22325,724.43050,423.29350,32.3880000,2038.62600,875.70425,1140.72850,-206.4000,410.55000,616.95000
1986,4579.6250,4596.5750,4642.61055298192,8231.6500,8270.7500,8344.7933153123584,5700.6000,119.10909896059692,70.058580565281192,65.930090084735088,5.979706231506348,-1.3542898776189332,5771.3023886566856,83.889871893448224,44.368578773690416,70.666608750045952,35.891626544490136,0.329,54.184250,55.752250,109.69166666666666,113.70833333333334,NA,55.637750,52.975000,14.3225,15.036666666666668,NA,79.541559402402832,130.52741423273118,7,117.84558333333334,65.256616124741752,109.60058333333334,99.4975,58.494500,80.818750,180.58675,86.219697089432576,7.6825,5.9783333333333336,6.805,3733.0750,2542.050,2102.3250,1042.90000,22.775000,233.7000,18.275000,662.12500,106.02500,324.40000,284.87500,2886.2750,849.14725,607.76450,234.81200,6.5704999999999992,976.07600,481.65775,494.41800,-131.875000,321.00000,452.8500,-142.67500,5326.7500,1145.03025,711.95225,475.79650,10.5950000,2149.31300,926.90150,1197.98775,-227.5250,442.05000,669.57500
1987,4855.2500,4872.7000,4913.0292184995848,8516.4250,8553.6250,8618.0950275744928,5907.7750,120.93228468354224,71.262442452515248,66.166433321175464,5.92510187828064,-1.1835440983878676,5968.7523235036096,85.251259971354864,45.883205082367784,71.48714961752472,36.526891045475776,0.329,55.855000,57.547750,113.61666666666666,118.175,NA,57.004500,54.625000,18.046666666666668,19.171666666666668,NA,85.649489412932864,126.0517537249059,6.175,119.85283333333334,65.581638359127144,112.43933333333334,102.11441666666668,58.814750,83.296500,182.75275,87.543740762044016,8.3841666666666672,5.775,6.6575000000000008,3961.5750,2722.425,2256.2750,1094.20000,28.875000,257.6000,16.600000,678.95000,112.17500,366.00000,317.97500,3076.2750,892.17725,615.23850,249.78975,27.149,1031.52975,502.78475,528.74475,-144.775000,363.97500,508.7000,-154.10000,5507.6250,1177.56950,712.58225,485.16025,42.5955000,2211.69375,960.88475,1223.99125,-219.0250,490.32500,709.35000
1988,5236.4250,5259.1250,5243.1615069797464,8872.1750,8916.9750,8883.899813375912,6176.9500,122.55975082014626,72.485065044144,66.395259068941416,5.8580311105422976,-0.13458548408286364,6162.819809878176,86.488218106267744,47.413700301930288,72.317218143498976,37.175204553801304,0.329,58.037500,59.993500,118.275,123.425,NA,59.017750,56.650000,14.620833333333334,15.9825,NA,90.60961527344624,123.39347359685704,5.4916666666666672,121.67066666666668,65.905590353747744,114.97408333333334,105.37533333333334,59.789000,85.674250,184.61258333333332,88.924522034392304,8.8458333333333328,6.6675000000000008,7.5683333333333328,4283.4000,2947.975,2439.8000,1199.42500,26.800000,298.7500,22.500000,721.65000,129.72500,414.45000,357.50000,3330.0000,936.96275,662.28000,256.20025,18.48225,1078.85500,511.43950,567.41575,-109.400000,444.60000,553.9750,-115.75000,5737.6750,1206.62175,748.22150,480.87025,27.9490000,2239.15775,946.53475,1271.02750,-167.3750,569.85000,737.22500
1989,5641.6000,5666.3500,5620.548975772588,9197.9750,9244.0750,9163.4487162391488,6403.9250,124.37890054041164,73.672156658897024,66.582520916041264,5.7819044768981928,0.37909295821002832,6369.3377950353224,87.87235204422072,48.980221612162144,73.156197632381744,37.815602464592328,0.329,60.572000,62.483500,123.94166666666668,128.96666666666666,NA,61.331250,59.050000,18.069166666666668,19.640833333333332,NA,95.929709793685568,126.502255189339,5.2583333333333336,123.85066666666666,66.445928877324464,117.327,108.04683333333334,60.325000,88.035000,186.39266666666664,90.416586961048064,8.4983333333333328,8.1116666666666656,9.2166666666666672,4625.5750,3139.600,2583.0750,1326.92500,33.025000,308.1000,21.525000,806.47500,157.80000,414.27500,347.17500,3576.7750,999.70075,715.99350,256.01450,27.69325,1151.86200,534.10425,617.75825,-86.775000,504.30000,591.0500,-92.37500,5904.9750,1255.43125,790.52825,465.30925,39.0315000,2302.76800,961.62475,1321.29125,-133.8750,635.80000,769.67500
1990,5963.1250,5997.8500,6008.387994594688,9371.4750,9430.0250,9441.7874169998176,6499.6000,126.22573779936196,74.799819538445568,66.701531682029584,5.703687379989624,-0.73822978534056336,6576.9266039978856,89.310982093335408,50.417673022871048,73.980491509665856,38.419381089919816,0.329,63.231500,65.015500,130.65833333333334,135.45833333333332,NA,63.635750,61.525000,22.201666666666668,24.4675,NA,98.77750634095704,123.58459114226964,5.6166666666666672,125.85666666666666,66.533485556607104,118.79566666666668,109.52783333333334,61.338500,87.875000,189.16375,91.122837948173552,8.55,7.4933333333333328,8.0991666666666672,4913.8000,3340.375,2741.1750,1386.67500,32.175000,321.0000,28.175000,836.50000,168.82500,417.72500,341.67500,3808.9750,993.44900,739.23375,239.66875,14.546250000000002,1238.55550,562.37650,676.17900,-77.850000,551.85000,629.7500,-74.90000,6023.8750,1223.03525,799.03450,425.78975,21.0547500,2376.45675,982.18475,1375.58675,-105.3250,691.90000,797.22500
1991,6158.1250,6189.7000,6365.2426460653112,9361.3250,9411.6250,9676.1338930878544,6458.7250,127.52152584105358,75.877613267922576,66.79411338225856,5.6291196431655888,-3.2530746813309056,6755.0251435723176,90.407567446420464,51.55828523085968,74.77608369161392,38.981229928054784,0.329,65.345500,67.337750,136.16666666666666,142.11666666666668,NA,65.777250,63.825000,18.739166666666664,21.5025,NA,100.315,124.57497586164528,6.85,126.35241666666668,66.179346002825056,117.71258333333332,108.43383333333334,62.337750,85.925000,190.92483333333332,92.113391860030016,7.8583333333333328,5.375,5.6875,5084.9250,3450.500,2814.4750,1396.45000,26.800000,327.3750,38.575000,823.52500,180.17500,452.60000,376.12500,3943.4500,944.34350,723.58425,221.15375,-0.39424999999999864,1298.95075,582.93625,716.01450,-28.625000,594.92500,623.5500,7.90000,6034.7750,1142.11050,767.58975,387.84925,-2.3045000,2404.99750,982.75425,1405.18250,-58.3750,737.65000,796.02500
1992,6520.3250,6551.4000,6669.3512494025056,9691.0750,9739.8500,9912.8641230292432,6721.2000,128.99780024962802,76.844293442073952,66.896768322833256,5.5613076335678096,-2.2404775099598764,6936.5471852119784,91.6500683925392,52.672536861594104,75.56544660760568,39.486012850898288,0.329,67.087250,69.384250,140.30833333333334,147.31666666666666,NA,67.277750,65.675000,18.115,20.563333333333332,NA,102.7975,129.29478936420202,7.4916666666666672,128.09908333333334,66.439632033824368,118.48791666666668,108.79266666666668,65.124250,85.584500,192.80533333333332,93.209848447458192,7.01,3.4316666666666668,3.5216666666666664,5420.8750,3668.250,2965.5750,1459.55000,34.775000,365.3750,60.575000,809.77500,189.05000,477.17500,404.07500,4197.5750,1013.00625,741.93700,254.74125,16.327750000000002,1344.50000,588.45325,756.04700,-34.725000,633.07500,667.8000,-45.57500,6256.8500,1225.33050,789.63325,441.31525,22.8330000,2416.13225,967.33925,1434.83900,-63.1000,788.75000,851.85000
1993,6858.5500,6889.7500,7002.7920453116256,9957.7750,10006.0000,10167.287523309212,6928.5250,130.5402018793987,77.88525939586688,66.991825610686984,5.5011413750839232,-2.0616534185632584,7133.5757578508256,92.940022809753584,54.06100495477032,76.362318876322416,40.043927839333752,0.329,68.758500,71.268500,144.475,152.20000000000002,NA,68.874250,67.575000,16.170000000000002,18.450833333333332,NA,105.2625,142.14730059533924,6.9083333333333336,129.18533333333334,66.303993864703968,120.25866666666668,110.93458333333334,65.198500,88.126250,194.83758333333332,94.499755031671856,5.8733333333333328,2.9975,3.0225,5657.9500,3817.300,3079.3500,1525.05000,31.350000,396.6250,90.075000,802.27500,204.72500,524.57500,447.65000,4452.0000,1106.82550,799.20400,286.80850,20.813499999999996,1364.92225,580.16900,784.75325,-65.175000,654.80000,719.9750,-79.37500,6474.8250,1323.30200,848.76175,477.42950,28.2627500,2396.34750,933.36225,1453.12075,-110.9750,814.52500,925.50000
1994,7287.2500,7310.2250,7338.2196500749056,10358.9250,10395.0500,10431.613186700554,7247.3750,131.91823373548914,79.075414609602064,67.04055029322576,5.4490781405029296,-0.69950018859279984,7340.5866592098928,94.111607391927968,55.743990023990168,77.167594528346704,40.693022136654872,0.329,70.193000,72.863500,148.225,156.5,NA,70.342000,69.500000,15.410833333333332,17.191666666666666,1.8891666666666668,108.765,154.11706629626092,6.1,131.04666666666668,66.58367295157652,123.07116666666668,114.38558333333332,65.648250,91.550500,196.8145,95.444690708885008,7.08,4.2466666666666664,4.2016666666666664,5947.1000,4006.200,3236.5750,1620.12500,34.675000,421.9750,113.675000,814.62500,235.17500,624.75000,546.82500,4720.9750,1256.48450,868.85275,323.84725,63.7845,1402.27425,574.68375,827.59075,-92.500000,720.92500,813.4500,-115.60000,6725.6750,1479.81150,915.50575,520.26250,88.4942500,2398.34825,899.77425,1493.92900,-149.3500,886.50000,1035.85000
1995,7639.7500,7667.7000,7685.6489149860848,10636.9750,10678.3500,10700.874330239732,7496.3500,133.0712866714357,80.413690419916768,67.024253289824456,5.404441121170044,-0.59705735480485856,7555.623311981856,95.1213251615804,57.741492433331632,77.98136218120704,41.440484025526816,0.329,71.671250,74.451250,152.38333333333332,161.225,NA,71.819000,71.550000,17.146666666666668,18.439166666666664,1.725,111.55,158.74179070505624,5.5916666666666664,132.31516666666666,66.629507237907472,124.90825,117.41008333333334,66.359500,93.680250,198.58408333333332,96.698155472888928,6.58,5.49,5.8366666666666672,6291.3750,4198.075,3418.0250,1742.70000,22.050000,459.1750,124.900000,878.60000,257.97500,706.22500,613.27500,4962.6000,1317.48925,962.24700,324.06900,31.17375,1449.43050,576.68200,872.74850,-89.750000,812.82500,902.5500,-105.87500,6924.1000,1527.28950,1003.92250,502.64525,40.5682500,2410.56675,875.79750,1534.54800,-141.1750,977.57500,1118.75000
1996,8073.1250,8103.9750,8051.702794553576,11038.2500,11082.6000,11009.159818263466,7833.7000,134.440766795082,81.886978827689824,66.968818406651624,5.3650628831329344,0.26069493058109296,7804.4604143012336,96.28649789399384,60.067221029323744,78.891992810924784,42.286871980709904,0.329,73.203750,75.863000,156.85833333333332,165.55833333333334,NA,73.132250,73.925000,20.599166666666664,22.113333333333332,2.7533333333333336,114.7875,166.49637540276654,5.4083333333333336,133.95125000000002,66.777869611746152,126.72016666666668,119.81933333333334,67.749500,95.884000,200.59058333333336,97.66433311540464,6.4383333333333336,5.0058333333333336,5.2983333333333336,6678.5500,4416.925,3616.4750,1887.45000,37.325000,506.4500,142.525000,898.97500,302.17500,789.50000,687.52500,5244.6000,1432.05475,1043.19425,358.06125,30.79925,1492.84800,579.15975,913.68850,-96.375000,867.57500,963.9750,-115.00000,7164.3750,1660.79925,1095.01375,543.70375,39.7157500,2432.90050,865.11825,1570.45500,-158.5250,1057.52500,1216.05000
1997,8577.5500,8600.8500,8481.104590839816,11529.1500,11562.7500,11399.66769976309,8237.4750,135.98736706318626,83.827177185773152,66.923427397342752,5.327718980392456,1.1319964816532746,8127.8288435120416,97.582902474452224,62.863190369883784,80.258870993210528,43.453772475557392,0.329,74.478000,77.201250,160.525,169.50833333333332,NA,74.399250,76.525000,18.554166666666668,20.61,2.4858333333333332,118.025,176.88539890614454,4.9416666666666664,136.30100000000002,67.099151683878032,129.57233333333334,122.93025,69.054250,98.920500,203.13325,98.839278407709504,6.3525,5.0608333333333328,5.46,7092.5000,4708.825,3876.8500,2016.00000,32.375000,551.5750,147.075000,947.07500,337.90000,869.70000,762.15000,5536.8000,1595.60050,1149.08825,375.58550,70.926500000000008,1547.13300,583.28925,963.84425,-101.950000,953.82500,1055.7750,-130.12500,7434.1500,1850.20950,1212.95200,556.88350,95.4217500,2472.79850,858.01750,1620.62150,-196.3250,1183.50000,1379.82500
1998,9062.8250,9080.2250,8906.0646936023568,12045.8250,12070.8000,11837.598825908226,8700.2250,137.2261523112551,86.261455318272704,66.889916855144008,5.28978,1.7556162500016404,8500.1252976686592,98.665541300102144,66.133054883417616,81.96734498575024,44.945352488528416,0.329,75.070500,78.183250,163.00833333333332,173.38333333333332,NA,75.219500,79.625000,12.0975,14.446666666666666,2.09,123.7075,190.2129904134804,4.5,137.67983333333334,67.088775007375616,131.47591666666668,126.13675,71.375250,101.079500,205.22008333333332,100.12265809801412,5.2641666666666664,4.7766666666666664,5.3533333333333336,7606.6750,5071.150,4181.6250,2176.27500,28.475000,611.7000,165.200000,1015.45000,355.45000,808.45000,705.67500,5877.2250,1736.67100,1254.14425,418.80725,63.71925,1611.60850,585.51550,1026.09325,-162.700000,952.97500,1115.6750,-205.35000,7828.9500,2026.30200,1344.95725,605.00900,91.8492500,2532.77625,850.41725,1692.28825,-329.9750,1211.10000,1541.07500
1999,9631.1750,9662.0500,9439.3642786947392,12623.3750,12664.8750,12372.017108701854,9206.0250,139.4665832969618,88.705491235200048,66.843724448059032,5.2503189499588016,2.0308399451223092,8950.1710992809872,100.47735269636632,69.807921201416192,83.773220864474304,46.470354276495888,0.329,76.164250,79.209500,166.58333333333332,176.975,NA,76.272750,82.300000,17.270833333333336,19.260833333333336,2.2691666666666664,131.23250000000002,191.1531182397566,4.2166666666666664,139.37991666666668,67.089331810714032,133.50091666666668,129.22908333333334,74.167500,102.929000,207.75291666666668,101.46891340218476,5.6366666666666664,4.6383333333333336,4.9700000000000008,8006.8000,5402.700,4457.9250,2239.22500,28.100000,668.3000,178.500000,1017.75000,346.57500,834.92500,713.17500,6283.7250,1887.05900,1364.47700,461.76600,60.8155,1719.90500,610.72225,1109.18275,-259.550000,992.92500,1252.4500,-276.62500,8250.2750,2198.70700,1478.09625,642.98100,87.4232500,2615.69100,865.88125,1761.64750,-448.2750,1271.47500,1719.75000
2000,10250.9500,10289.4250,10097.214564880186,13138.0500,13188.2250,12940.831769411302,9607.5000,142.034195862134,91.10845289135176,66.783431552829104,5.209378,1.5263081073204288,9428.92971042068,102.40289803996166,73.65732838570792,85.587764457376096,48.037196382218704,0.329,78.090500,80.624500,172.19166666666666,181.29166666666664,101.99166666666668,78.016250,85.650000,27.6825,30.300833333333332,4.31,139.995,196.56918565863856,3.9666666666666664,142.58575,67.075481078000408,136.90066666666666,132.01833333333332,76.378750,104.315250,212.57675,102.65489192267402,6.0291666666666664,5.8166666666666664,6.2358333333333336,8655.9000,5847.125,4824.9750,2427.30000,31.525000,722.3500,183.475000,1106.45000,383.50000,786.55000,640.87500,6767.1750,2038.40800,1498.43175,485.43200,54.5445,1826.43750,633.06900,1193.36850,-381.075000,1096.12500,1477.2000,-396.87500,8665.8250,2346.73125,1616.11300,647.20700,78.6457500,2663.32650,868.42625,1808.43900,-566.2000,1377.15000,1943.35000
2001,10581.9250,10632.2750,10670.773034344066,13263.4250,13327.6000,13374.349491626016,9672.8000,143.41940721232742,93.252012311804528,66.71853278126788,5.1672765413513184,-0.82374253062519888,9791.6072757835792,102.8693385456353,76.810766366908432,87.284636585178496,49.659791325321752,0.329,79.656250,82.153000,177.04166666666666,186.125,104.29166666666666,79.814500,88.800000,21.9875,25.9475,3.9591666666666664,149.65,206.57353686057012,4.7416666666666672,143.76891666666666,66.841055177156888,136.93933333333334,132.07825,78.365500,102.377750,215.09249999999996,103.94467541308274,5.0175,3.3883333333333332,3.8875,9012.8000,6038.350,4953.6500,2515.05000,32.075000,798.9000,202.400000,1112.32500,369.35000,758.72500,589.90000,7073.8000,1934.84150,1460.06725,513.05850,-38.284,1950.03350,670.21175,1279.82200,-376.750000,1026.80000,1403.5500,-391.42500,8880.4250,2214.62625,1581.08850,653.04350,-53.2135000,2763.72125,902.65725,1874.97300,-595.2500,1300.27500,1895.52500
2002,10929.1000,10974.9000,11147.897595886724,13488.3500,13546.0500,13758.12478899257,9835.1250,145.24862845322872,94.719783703859808,66.631520410086112,5.1245727447662352,-1.958215144269462,10096.288765178242,103.23535479282456,78.907105922379024,88.903693543959072,51.023266366262896,0.329,80.701750,83.526500,179.86666666666668,190.44166666666668,105.60833333333334,81.012750,91.650000,23.633333333333332,26.115,3.3575,160.1575,206.5049643195728,5.7833333333333336,144.85608333333334,66.579455673873472,136.48091666666668,130.63458333333336,81.699250,99.831750,217.56958333333332,105.31816124781426,4.6108333333333336,1.6025,1.6666666666666668,9160.9500,6135.100,4995.8500,2492.12500,20.225000,849.8500,208.450000,1014.80000,398.80000,911.70000,754.95000,7348.9500,1930.41725,1352.84825,557.59450,19.97475,2089.49500,743.09675,1346.39800,-439.750000,998.00000,1437.7000,-455.42500,9106.2250,2195.48500,1472.67425,692.57975,24.3450000,2886.60450,969.49850,1929.14575,-690.2750,1274.77500,1965.05000
2003,11456.4500,11514.9500,11662.68403419627,13865.5250,13937.4250,14115.762600021332,10139.8500,146.97620176602504,96.04022000432112,66.50614153325628,5.0824438908081056,-1.7776817812387132,10372.42712639006,103.4680305569916,80.669182182482608,90.531337389519664,52.301537136547048,0.329,82.397500,84.874250,184,193.225,107.75833333333334,82.635250,94.250000,27.845,31.120833333333332,5.4983333333333328,172.4075,192.29915410775196,5.9916666666666664,146.49949999999998,66.239524585554648,137.72925,130.327,84.713500,99.261000,221.16791666666664,106.11056896934674,4.015,1.0108333333333332,1.1275,9498.5000,6353.600,5138.2750,2576.90000,37.125000,860.3750,227.100000,1020.15000,432.15000,1056.25000,897.35000,7740.7750,2027.05550,1375.87950,637.08200,14.094,2210.59975,826.76900,1383.83025,-521.975000,1035.17500,1557.1250,-527.65000,9394.3750,2290.37075,1509.36450,755.51050,19.9070000,2945.73625,1033.14475,1920.31150,-764.1500,1301.57500,2065.75000
2004,12217.1750,12293.9250,12267.203199562198,14399.6750,14491.3500,14459.001609704592,10578.9500,148.1599103887874,97.589371529826688,66.341892893374168,5.0428612778625496,-0.41249930034364944,10636.159334474452,103.3395812578391,82.682934398502576,92.188780047507328,53.697882539507912,0.329,84.443000,86.544000,188.90833333333332,196.64166666666664,110.45833333333334,84.841750,96.750000,35.793333333333336,41.443333333333336,5.9058333333333328,188.675,181.84742996991652,5.5416666666666672,147.37958333333332,65.984017041205488,139.23975000000002,131.75508333333334,87.242250,100.556000,223.35683333333332,107.60336068637674,4.2741666666666672,1.3716666666666666,1.3491666666666666,10044.2750,6719.500,5421.0250,2732.75000,52.400000,910.5000,242.775000,965.40000,561.67500,1289.35000,1094.20000,8231.9500,2281.25325,1467.36875,749.81675,64.06725,2338.12350,892.12300,1446.00050,-634.150000,1176.37500,1810.5000,-637.75000,9748.5500,2502.55200,1594.00825,830.88925,82.6480000,2991.13000,1077.74175,1918.23250,-865.5750,1427.02500,2292.60000
2005,13039.2000,13114.0250,12970.845711151372,14901.2500,14987.6750,14823.200092669152,10991.9750,149.5298611525947,99.131032778062992,66.15321242109404,5.00802106397346,0.52624044924705624,10914.381816046848,103.3619107658092,85.056535791756128,93.737993857339616,55.090620417727688,0.329,86.875750,88.440250,195.26666666666664,200.86666666666668,113.69166666666666,87.490000,99.150000,48.925833333333328,56.4925,8.8133333333333328,208.4225,176.11104057097936,5.0833333333333328,149.28916666666666,66.032836367521512,141.71008333333332,134.02133333333334,89.141500,102.258500,226.08258333333332,109.4813373888,4.29,3.1466666666666664,3.2133333333333332,10604.9500,7066.100,5691.3750,2895.42500,47.925000,931.2250,221.125000,1117.40000,577.75000,1488.65000,1262.90000,8769.0500,2534.72025,1620.98575,856.22125,57.51325,2475.31350,947.78700,1527.52650,-739.925000,1301.57500,2041.5000,-751.17500,10093.7750,2670.56500,1716.36275,885.38975,63.7340000,3013.82650,1099.23975,1918.26175,-915.3500,1526.05000,2441.42500
2006,13815.6000,13862.0500,13681.18051439149,15315.9250,15368.2500,15166.665101297776,11357.8500,151.02653198138578,100.42287546451636,65.96404551323052,4.9712006127342432,0.98534494238094464,11167.712315514124,103.49786370390628,87.818123702275056,94.853467415181024,56.295043124365936,0.329,89.322000,90.558500,201.55833333333332,205.91666666666668,116.99166666666668,90.211500,102.050000,58.8875,66.018333333333328,6.7441666666666664,220.5775,172.36214107520926,4.6083333333333336,151.40883333333334,66.170729747023072,144.41758333333334,136.43216666666666,90.034000,104.615000,228.81466666666664,110.69542294334524,4.7916666666666672,4.7266666666666664,4.9641666666666672,11384.7000,7479.650,6056.7500,3213.70000,34.300000,1016.5500,181.100000,1258.95000,722.80000,1646.25000,1406.52500,9277.2500,2700.95450,1793.80100,838.16400,68.98925,2623.84625,1001.18900,1622.65700,-786.450000,1470.17500,2256.6250,-819.32500,10386.2500,2752.41300,1854.15400,818.87650,87.1085000,3061.83975,1125.32850,1939.61425,-927.6250,1670.52500,2598.20000
2007,14474.2500,14569.9000,14341.66030896975,15623.8750,15727.5000,15480.899127162832,11617.4250,152.36020027399348,101.60663493010546,65.776734970634136,4.9283587558731904,0.92272668640467904,11398.097247957662,103.70446169133254,90.83209837676552,95.615836039916848,57.342025981313424,0.329,91.614250,92.577500,207.34416666666668,210.72508333333332,119.95675,92.653250,105.500000,67.134166666666672,72.318333333333328,6.9841666666666672,220.3975,163.82492995798476,4.6166666666666672,153.12308333333334,66.039590662528784,146.05016666666666,137.97875,91.322000,105.499250,231.867,111.258033285293,4.6291666666666664,4.3533333333333336,5.0191666666666672,12021.3500,7878.475,6396.4000,3376.20000,41.675000,953.7750,186.275000,1379.22500,815.25000,1533.17500,1195.40000,9746.5750,2673.01025,1948.56300,690.49750,33.950000000000004,2790.55600,1051.02475,1739.53150,-735.950000,1659.30000,2395.2500,-740.87500,10638.7500,2684.13750,1982.05350,665.80875,40.5787500,3116.89200,1147.28575,1972.67825,-847.9250,1816.85000,2664.80000
2008,14769.8500,14915.0500,14887.205746399904,15642.9750,15796.3000,15766.175423058784,11514.8750,153.15039851041404,102.9451720588282,65.571134236312576,4.892561585865608,-0.77528205039961424,11634.762210716734,104.11744173730244,93.443472052472656,96.35802454011624,58.300211222521896,0.329,94.325500,94.392750,215.25425,215.56508333333336,124.43316666666668,94.397250,108.625000,92.295833333333328,99.571666666666656,8.855,202.375,160.0988042549221,5.8,154.32158333333334,66.009427824732752,145.37325000000002,137.22491666666668,92.639750,103.083000,233.788,111.67425803428224,3.6666666666666672,1.365,1.9275,12477.5500,8056.850,6534.1250,3454.02500,38.925000,920.7500,290.275000,1399.45000,804.62500,1285.85000,895.65000,10050.0750,2477.61325,1990.87075,515.98350,-29.24125,2983.03500,1151.96050,1831.07450,-740.875000,1835.27500,2576.1750,-704.25000,10654.7000,2462.91150,1994.22450,504.63400,-32.6705000,3195.78750,1220.03975,1977.61350,-685.6750,1921.90000,2607.55000
2009,14478.0500,14628.3000,15219.332012051784,15236.2750,15395.3500,16016.454830117848,11071.4000,154.02215144116776,103.9876249809057,65.335906896754352,4.8661917727481904,-4.871357104337792,11851.797927119228,104.81760535795686,94.806750525199344,97.148121670980096,58.99115071952468,0.329,94.062750,95.270250,214.56466666666668,219.23666666666668,123.85025,95.019000,110.350000,59.367500000000008,61.654166666666672,3.9525,190.2525,171.93445279554254,9.2833333333333328,154.1885,65.390159867256672,139.89391666666666,131.29,96.272250,95.394250,235.801,112.29564493411326,3.2566666666666668,0.15,0.16,12080.4000,7759.025,6249.1250,3138.92500,27.175000,910.4750,347.575000,1300.70000,553.00000,1386.82500,1038.02500,9891.2250,1929.66350,1690.43175,390.00375,-150.77175,3076.33775,1220.78475,1855.55275,-419.175000,1582.77500,2001.9500,-383.10000,10515.6250,1941.97025,1704.34700,395.25675,-177.3220000,3310.69125,1296.04350,2015.91025,-516.2750,1762.47500,2278.75000
2010,15048.9750,15254.6000,15600.649240002308,15649.0000,15863.4500,16223.053367126216,11436.4250,154.65637382923908,104.89715888202068,65.090936480576232,4.8400096584293696,-3.5401540974680872,12036.148005913522,105.38126607958896,95.924566655425984,97.954153244409632,59.58836264253528,0.329,95.747250,96.650500,218.07616666666668,221.33583333333332,125.6145,96.164250,112.125000,75.9175,79.395,4.3875,184.62,164.58157360025558,9.6083333333333344,153.88525000000002,64.704534269388248,139.07716666666668,130.33458333333334,99.414750,95.397000,237.82933333333336,112.9034097699655,3.2141666666666668,0.13666666666666666,0.17499999999999998,12594.5250,7925.350,6372.5000,3327.72500,37.550000,1069.7500,433.675000,1242.90000,543.85000,1728.75000,1342.95000,10260.2500,2165.47275,1734.98075,376.57475,53.91725,3155.55000,1300.15725,1855.39250,-532.300000,1857.25000,2389.5750,-439.80000,10716.0000,2216.47775,1780.99875,383.02275,57.2830000,3308.00875,1348.36700,1959.77025,-589.3750,1989.52500,2578.92500
2011,15599.7250,15837.6500,16184.21274427872,15891.5250,16133.6750,16486.933107216974,11670.5000,155.78038111518964,105.83367868085862,64.864659239706384,4.8061485153227784,-3.6115584011793736,12273.773686796204,106.29088102378796,97.706499378822592,98.76687240876928,60.244369807350776,0.329,98.169500,98.183750,224.923,225.00641666666668,129.453,98.157250,113.950000,102.50083333333334,94.874166666666672,3.9966666666666672,176.70499999999998,157.2972661584902,8.9333333333333328,153.62366666666668,64.112141848258088,139.88516666666666,131.9195,99.314000,97.450500,239.6175,113.54023912547674,2.7858333333333332,0.052500000000000008,0.10166666666666666,13339.3000,8226.175,6626.1750,3671.10000,63.050000,1164.4000,506.550000,1255.60000,681.50000,1809.80000,1397.20000,10698.8500,2332.56225,1907.46475,378.83550,46.262,3147.92900,1299.76275,1848.16675,-579.625000,2115.85000,2695.4750,-460.32500,10898.3500,2362.12825,1935.35250,382.47225,46.7070000,3202.73300,1311.97950,1890.77000,-571.0000,2132.15000,2703.15000
2012,16253.9500,16486.7250,16810.127022085286,16253.9750,16486.7250,16809.940785656876,12058.4750,157.39656874544386,106.79928179011544,64.658218644339312,4.766587655445048,-3.3062593639367092,12565.18118781024,107.5466935217147,100,99.586334650560976,60.954648868435736,0.329,100.000000,100.000000,229.58608333333332,229.75683333333332,131.97575,100.000250,116.025000,101.07083333333332,94.110833333333328,2.7525,181.525,162.89152926083278,8.075,154.97383333333334,63.700806422694928,142.47458333333332,134.15433333333334,100.149500,99.851250,243.28433333333332,114.5551364726175,1.8025,0.085833333333333328,0.14000000000000002,14014.3750,8567.375,6928.1500,4034.55000,59.950000,1286.4250,534.500000,1318.55000,835.12500,1997.40000,1592.05000,11047.3750,2621.75350,2118.52725,432.01500,71.211750000000008,3136.47025,1287.01000,1849.46025,-551.625000,2217.70000,2769.3250,-423.95000,11047.3750,2621.75400,2118.52700,432.01500,71.2117500,3136.47025,1287.01000,1849.46000,-551.6250,2217.72500,2769.30000
2013,16843.2250,17073.4750,17402.123061847834,16553.3500,16780.2500,17102.779902893766,12328.5750,158.35700962161434,108.0008256298546,64.468490336217384,4.7302944052597128,-3.2132353817049844,12837.184058738292,108.35303169207574,102.52390924395888,100.41259591665448,61.810778965499504,0.329,101.354250,101.534750,232.95175,233.81041666666664,133.59158333333334,101.768750,118.225000,98.029166666666672,97.905833333333328,3.7266666666666664,194.07,165.21133635549748,7.3583333333333328,155.3975,63.252719193326784,143.94066666666668,136.35833333333334,100.564000,101.664750,245.67933333333336,115.28331626623024,2.3508333333333332,0.058333333333333336,0.1075,14193.6500,8835.075,7114.0250,4038.55000,86.950000,1315.2250,577.425000,1265.62500,793.32500,2010.67500,1611.85000,11363.5500,2826.01325,2211.49425,509.98850,104.53075,3133.04850,1227.15950,1905.88850,-479.400000,2286.97500,2766.4000,-352.07500,11211.7000,2801.47325,2205.96400,485.45200,108.6550000,3060.71550,1215.81600,1844.43275,-519.3250,2283.60000,2802.92500
2014,17550.6750,17785.9250,18054.396702689572,16932.0250,17159.2250,17418.454497629282,12695.1250,159.5215668201563,109.19106661594524,64.29575436397232,4.7004880272978672,-2.7955104050642608,13128.806346432116,109.29290333039578,105.21150933302192,101.2457126181071,62.671166528499568,0.329,102.886500,103.186500,236.715,237.90233333333332,135.52408333333332,103.662500,120.625000,89.566666666666656,93.258333333333328,4.3683333333333328,203.5075,170.06430368977678,6.1583333333333336,155.92025000000002,62.8847109954038,146.31866666666668,138.9195,101.186500,104.041250,247.94658333333332,116.36906933675498,2.5408333333333336,0.0325,0.089166666666666672,14976.5750,9250.175,7476.3250,4338.35000,67.725000,1377.9000,602.700000,1336.82500,953.20000,2120.22500,1715.35000,11847.7250,3044.17825,2400.05675,560.15575,83.966000000000016,3168.82100,1216.00100,1952.81975,-510.050000,2377.42500,2887.4500,-376.17500,11515.3000,2959.19850,2365.31450,504.10775,86.2992500,3033.22825,1184.68750,1847.55100,-575.2750,2372.27500,2947.55000
2015,18206.0250,18426.4000,18596.889617794204,17390.3000,17602.4750,17763.589737467144,13123.8000,160.94323558092834,110.37096692423294,64.124377130802016,4.6740104880997496,-2.1006073433527008,13445.376720021636,110.40650721971774,108.04183361876106,102.08617723615536,63.534966667341152,0.329,103.115500,104.486750,237.00175,242.2575,135.36233333333334,104.661500,123.325000,46.514166666666664,48.688333333333336,2.6125,213.9775,194.40011958247872,5.275,157.13808333333332,62.654815031044352,148.84466666666666,141.80116666666666,102.397750,106.286250,250.80058333333336,117.78060959832274,2.1358333333333332,0.052500000000000008,0.1325,15685.2500,9699.425,7859.5000,4505.17500,54.100000,1366.7250,609.500000,1441.80000,1033.05000,2060.47500,1665.27500,12263.4750,3237.16075,2466.55525,633.82100,136.78475,3231.58500,1221.76150,2009.82400,-526.200000,2268.65000,2794.8500,-424.70000,11892.9250,3121.75575,2420.34850,555.42700,137.5847500,3088.35025,1184.53000,1902.23525,-721.7000,2378.70000,3100.45000
2016,18695.1000,18927.0500,19114.76057698562,17680.3000,17901.9250,18077.26618014474,13364.8750,161.8682981439571,111.67852104274232,63.932716944105144,4.6465775334505392,-2.1963610267458468,13734.848170466094,111.1815645838635,110.7511102129236,102.93555015635798,64.45074823901656,0.329,104.148250,106.137500,240.00541666666668,247.60358333333332,136.62508333333336,105.703250,126.250000,38.676666666666664,43.144166666666664,2.4925,225.9575,203.3829469002332,4.875,159.1875,62.78668344495736,151.43641666666668,144.33241666666666,102.883250,107.726750,253.5375,118.79278052726124,1.8416666666666664,0.3175,0.395,16096.9000,9966.125,8091.2250,4592.62500,34.100000,1389.2250,626.650000,1465.20000,1077.45000,2037.72500,1617.77500,12693.3000,3205.03650,2469.33550,699.44250,36.2585,3303.05350,1234.51225,2068.54125,-506.250000,2232.10000,2738.3500,-403.67500,12187.6750,3089.91400,2441.99750,592.11175,35.7052500,3148.77900,1190.52600,1956.26650,-757.0750,2388.37500,3145.42500
2017,19477.3500,19770.3250,19813.609344509968,18076.6500,18350.7250,18389.086858501372,13726.4750,162.6702698094258,113.04436543223468,63.729388435305704,4.616636461797324,-1.7008122001347852,14023.115871160364,111.8883322995303,113.46346746403092,103.82718898728786,65.387444268465824,0.329,106.053750,107.937750,245.121,252.1525,139.03575,107.743000,129.475000,49.226666666666664,50.884166666666664,2.9608333333333336,239.8825,202.2576084946168,4.3583333333333336,160.31933333333334,62.850991243475768,153.33458333333334,146.61091666666666,104.190500,109.251500,255.079,119.84621212353874,2.33,0.93083333333333344,1.0016666666666668,16839.8250,10424.375,8474.4250,4858.72500,39.075000,1465.5250,650.600000,1548.95000,1154.57500,2128.55000,1629.65000,13233.6000,3385.62450,2593.15100,760.28375,32.189500000000004,3394.83725,1262.40725,2132.43000,-536.750000,2388.25000,2925.0000,-371.40000,12478.2250,3215.99100,2542.51375,615.84400,36.2592500,3162.29775,1195.54825,1964.75175,-796.9750,2490.30000,3287.25000
2018,20533.0750,20823.3500,20691.611495306704,18609.0500,18874.7500,18752.841949782,14209.4000,163.6648504231814,114.58029184753802,63.542818615528744,4.5834249901206272,-0.7672420614074,14357.176778896814,112.84808707374158,116.55065256472728,104.79066472291796,66.375884443016784,0.329,108.316750,110.094750,251.09949999999996,257.56141666666668,141.84191666666666,110.344000,133.400000,61.025000000000008,64.938333333333336,3.1416666666666668,254.64999999999996,200.70064781733932,3.8916666666666664,162.07825000000002,62.871967160160008,155.763,148.897,105.772250,111.405500,257.79066666666664,121.371806731436,2.91,1.9391666666666668,1.8316666666666664,17683.8000,10957.900,8900.0500,5110.92500,29.175000,1539.5500,679.975000,1608.85000,1253.37500,2311.95000,1791.37500,13904.9500,3642.38550,2784.73225,798.56525,59.08825,3578.76950,1337.94800,2240.82150,-593.075000,2538.10000,3131.1750,-441.17500,12837.3250,3398.89950,2708.25575,612.31675,66.0880000,3215.34750,1231.29150,1982.53750,-865.4000,2560.07500,3425.50000
2019,21380.9500,21659.0500,21462.467692154176,19036.0500,19286.8500,19108.829702730968,14596.3250,164.09050887521062,116.45258263141472,63.390207501020328,4.542095117959628,-0.38210984681607,14690.456258742738,113.4953922858422,119.87831277189396,105.82409037578062,67.529362444337008,0.329,109.933000,111.972500,255.65166666666668,263.2075,143.90366666666666,112.303000,137.325000,57.881666666666664,56.984166666666664,2.5658333333333336,267.51,207.08827759244168,3.6833333333333336,163.53441666666666,63.09782329312248,157.53433333333334,150.89141666666668,107.780250,112.307000,259.175,122.76461578635474,2.1441666666666664,2.0608333333333332,2.1583333333333332,18587.0250,11448.100,9324.6000,5418.67500,29.175000,1572.2750,698.200000,1658.15000,1460.87500,2402.15000,1873.47500,14392.7000,3807.14175,2921.12900,813.22400,72.789,3759.89775,1415.38025,2344.51725,-578.775000,2538.45000,3117.2500,-452.62500,13092.2750,3492.68775,2804.59825,606.23250,73.1097500,3321.71125,1279.28350,2041.13200,-892.5750,2572.10000,3464.70000
2020,21060.4500,21257.4500,22133.935479385872,18509.1500,18685.4000,19454.815236457368,14090.8500,164.46306713826436,118.29267357469096,63.242426426785368,4.4964314102029312,-4.8615647885722208,15010.330943856602,114.08451316627248,122.47461836412996,106.91764510380164,68.643670966760592,0.329,111.144500,113.464250,258.85058333333336,267.70491666666668,145.44933333333332,113.814000,141.375000,37.273333333333336,39.2275,2.0341666666666668,288.5675,211.52004582212824,8.0916666666666672,160.76266666666666,61.754461485372248,147.81275,142.15316666666666,112.556000,103.883750,260.329,125.8758853750055,0.89416666666666672,0.365,0.37583333333333336,19832.3000,11592.750,9457.3750,5458.40000,45.175000,1597.9500,719.850000,1647.30000,1448.12500,2260.10000,1830.47500,14116.1750,3642.92525,2797.91900,900.82875,-55.8225,3928.88225,1520.55450,2408.32775,-627.500000,2148.65000,2776.1250,-592.45000,12700.7250,3306.47325,2666.00650,649.84300,-54.5815000,3406.66475,1358.87875,2048.46150,-922.6500,2231.67500,3154.32500
2021,23315.0750,23488.2000,23547.592188785504,19609.8000,19759.3250,19808.367925237612,15193.3500,165.0426872018088,120.01891740372112,63.041800305854048,4.460810144157168,-1.007226638374667,15327.593985849368,114.69676169418214,125.0946581504855,108.0670373510502,69.720122787972912,0.329,115.620750,117.388250,270.97141666666664,277.253,151.94958333333332,118.923500,147.025000,65.364166666666664,67.9875,3.9083333333333336,336.8825,202.329249429466,5.3666666666666672,161.21208333333334,61.661635877726,152.58625,146.28091666666666,115.014750,109.546750,261.44516666666664,126.730763792901,1.4424999999999998,0.044166666666666664,0.08,21294.8000,12538.500,10290.1000,5679.85000,51.325000,1702.2750,723.800000,1658.57500,1543.87500,2771.10000,2358.72500,15902.5750,4113.50175,3025.01050,1107.58175,-19.09075,4160.71725,1609.15450,2551.56275,-861.700000,2539.62500,3401.3500,-861.35000,13754.1000,3602.99550,2835.37025,719.38075,-19.3902500,3426.25250,1390.51450,2037.88850,-1233.3750,2366.77500,3600.15000
2022,25462.7250,25640.1250,25696.6275,20014.1500,20158.2250,20197.89,15539.6500,165.77945,121.8355339560435,62.78887141442244,4.4382233805,-0.90973809495238096,15676.2625,115.34625,128.09722499999998,109.2651589112905,70.904845123291256,0.329,122.861000,123.284000,292.612525,294.30165,163.86275,127.225250,154.800000,91.845825,94.786666666666656,6.42,384.2825,215.28263623571476,3.64166675,164.290675,62.237570000000008,158.2965,152.62525,113.076250,113.967250,263.9735,128.36695,2.9516667500000004,2.021666675,1.68333325,21777.2250,13564.500,11189.6000,5974.10000,91.725000,1756.5750,781.875000,1726.62500,1617.30000,2952.60000,2499.02500,17357.1750,4632.45900,3347.01400,1126.57250,158.8725,4448.13500,1646.68650,2801.44825,-975.050000,2975.82500,3950.8750,-994.72500,14130.3500,3746.85775,2944.75200,643.09025,124.9672500,3406.49475,1355.26425,2051.21800,-1356.6500,2534.37500,3891.05000
2023,26820.5900,26928.4525,27136.877500000004,20318.2250,20404.5350,20557.4125,15752.4775,166.1353,123.73856894419544,62.519528117028056,4.423101730351888,-1.1620990995516194,16005.720000000002,115.692875,131.04974999999998,110.4775404466621,72.178101520223888,0.329,127.598350,128.719575,304.766925,309.01925,170.738025,132.003800,162.431575,69.47475,74.482862794689296,2.4601416666666668,389.7059,213.34222942275308,3.7312645,166.413125,62.5452325,160.202575,156.133125,112.954250,115.652525,266.06861301554556,129.719425,3.75958825,5.063711,5.04706175,23059.2325,14228.295,11739.2650,6538.63725,95.476570,1818.7275,864.272200,2101.36975,1658.79175,2644.10425,2185.34575,18355.3025,4642.35500,3585.69475,1031.00575,25.6547975,4709.81150,1755.48350,2954.32825,-886.896850,3025.93925,3912.8115,-1002.99825,14385.9975,3620.71175,3021.19125,571.95775,19.2314775,3492.28200,1394.04025,2098.78975,-1255.8360,2613.26450,3869.07500
2024,27771.4650,27849.4425,28296.7275,20528.9025,20591.0900,20917.165,15925.7275,166.73255,125.45285514537538,62.283317181388784,4.4110272073439224,-1.85614040726218,16331.335,116.1796,133.488875,111.69776854179738,73.337894570601104,0.329,131.131750,132.817500,313.688575,319.831575,175.11987499999998,135.275850,169.633050,66.840667499999992,70.074396466530456,3.2235916666666668,393.2105,208.841888176882,4.52136475,166.8931,62.3266925,159.34710000000002,156.72977499999998,114.647150,115.199850,267.77235355904952,130.266725,4.0399154999999992,4.703666,4.9603795,24203.4525,14918.950,12289.7000,6882.95125,82.404725,1896.9490,877.483875,2351.77775,1674.33525,2630.15575,2138.13850,18983.4050,4760.14400,3671.69900,1064.48125,23.9642825,4887.90500,1808.90975,3078.99525,-859.989325,3088.98550,3948.9750,-1014.68175,14476.2300,3659.89625,3051.99975,578.97220,19.5542700,3520.30050,1395.77550,2124.09800,-1188.7450,2650.45425,3839.19925
2025,28997.6275,29065.0275,29419.1625,20977.8100,21031.0275,21282.95,16348.2900,167.527625,127.04080982722718,62.119370096092776,4.399257150107256,-1.4344900688945032,16663.1725,116.731975,135.97665,112.92989372974824,74.47396851258528,0.329,134.202025,136.206450,320.97590000000004,327.91382499999996,178.62135,138.224825,175.951375,65.23214,68.079741805203184,3.8362833333333336,401.8271,205.16580765670056,4.58923025,167.47502500000002,62.077615,159.7893,156.62245000000002,118.302525,114.601550,269.7836599462168,131.06755000000002,3.7233245,3.60208225,3.865656,25174.5725,15571.035,12792.5175,7074.73900,73.550985,1989.7415,873.773175,2426.64550,1711.02800,2910.01000,2376.73275,19784.8225,5046.10975,3823.63875,1146.26575,76.2057725,5055.10300,1860.95100,3194.15175,-888.407250,3182.25875,4070.6660,-1060.01675,14742.0675,3833.62425,3146.86650,610.60725,61.9536400,3542.02200,1399.84750,2141.27225,-1198.5175,2715.45925,3913.97700
